,label,input,seglen,ids,mfw,freqtype,normalization,ARI
0,full-99999-15-10-relative-True,full,99999,15,10,relative,True,0.3648
1,full-99999-15-10-relative-True,full,99999,15,10,relative,True,0.5517
2,full-99999-15-10-relative-True,full,99999,15,10,relative,True,0.3648
3,full-99999-15-10-relative-True,full,99999,15,10,relative,True,0.5517
4,full-99999-15-10-relative-True,full,99999,15,10,relative,True,0.5517
5,full-99999-15-10-relative-True,full,99999,15,10,relative,True,0.5517
6,full-99999-15-10-relative-True,full,99999,15,10,relative,True,0.4476
7,full-99999-15-10-relative-True,full,99999,15,10,relative,True,0.3648
8,full-99999-15-10-relative-True,full,99999,15,10,relative,True,0.5517
9,full-99999-15-10-relative-True,full,99999,15,10,relative,True,0.3648
10,full-99999-15-10-relative-False,full,99999,15,10,relative,False,0.2312
11,full-99999-15-10-relative-False,full,99999,15,10,relative,False,0.2312
12,full-99999-15-10-relative-False,full,99999,15,10,relative,False,0.2312
13,full-99999-15-10-relative-False,full,99999,15,10,relative,False,0.2312
14,full-99999-15-10-relative-False,full,99999,15,10,relative,False,0.3532
15,full-99999-15-10-relative-False,full,99999,15,10,relative,False,0.3532
16,full-99999-15-10-relative-False,full,99999,15,10,relative,False,0.2312
17,full-99999-15-10-relative-False,full,99999,15,10,relative,False,0.2312
18,full-99999-15-10-relative-False,full,99999,15,10,relative,False,0.2312
19,full-99999-15-10-relative-False,full,99999,15,10,relative,False,0.2312
20,full-99999-15-10-absolute-True,full,99999,15,10,absolute,True,0.2733
21,full-99999-15-10-absolute-True,full,99999,15,10,absolute,True,0.2733
22,full-99999-15-10-absolute-True,full,99999,15,10,absolute,True,0.2733
23,full-99999-15-10-absolute-True,full,99999,15,10,absolute,True,0.2733
24,full-99999-15-10-absolute-True,full,99999,15,10,absolute,True,0.141
25,full-99999-15-10-absolute-True,full,99999,15,10,absolute,True,0.2733
26,full-99999-15-10-absolute-True,full,99999,15,10,absolute,True,0.2733
27,full-99999-15-10-absolute-True,full,99999,15,10,absolute,True,0.2733
28,full-99999-15-10-absolute-True,full,99999,15,10,absolute,True,0.2733
29,full-99999-15-10-absolute-True,full,99999,15,10,absolute,True,0.2733
30,full-99999-15-10-absolute-False,full,99999,15,10,absolute,False,0.2733
31,full-99999-15-10-absolute-False,full,99999,15,10,absolute,False,0.2733
32,full-99999-15-10-absolute-False,full,99999,15,10,absolute,False,0.2733
33,full-99999-15-10-absolute-False,full,99999,15,10,absolute,False,0.2733
34,full-99999-15-10-absolute-False,full,99999,15,10,absolute,False,0.2733
35,full-99999-15-10-absolute-False,full,99999,15,10,absolute,False,0.2733
36,full-99999-15-10-absolute-False,full,99999,15,10,absolute,False,0.2733
37,full-99999-15-10-absolute-False,full,99999,15,10,absolute,False,0.2733
38,full-99999-15-10-absolute-False,full,99999,15,10,absolute,False,0.141
39,full-99999-15-10-absolute-False,full,99999,15,10,absolute,False,0.2733
40,full-99999-15-100-relative-True,full,99999,15,100,relative,True,0.6521
41,full-99999-15-100-relative-True,full,99999,15,100,relative,True,0.6521
42,full-99999-15-100-relative-True,full,99999,15,100,relative,True,0.6928
43,full-99999-15-100-relative-True,full,99999,15,100,relative,True,0.6521
44,full-99999-15-100-relative-True,full,99999,15,100,relative,True,0.6521
45,full-99999-15-100-relative-True,full,99999,15,100,relative,True,0.6521
46,full-99999-15-100-relative-True,full,99999,15,100,relative,True,0.6521
47,full-99999-15-100-relative-True,full,99999,15,100,relative,True,0.6521
48,full-99999-15-100-relative-True,full,99999,15,100,relative,True,0.6521
49,full-99999-15-100-relative-True,full,99999,15,100,relative,True,0.6521
50,full-99999-15-100-relative-False,full,99999,15,100,relative,False,0.5734
51,full-99999-15-100-relative-False,full,99999,15,100,relative,False,0.5734
52,full-99999-15-100-relative-False,full,99999,15,100,relative,False,0.5734
53,full-99999-15-100-relative-False,full,99999,15,100,relative,False,0.5734
54,full-99999-15-100-relative-False,full,99999,15,100,relative,False,0.5734
55,full-99999-15-100-relative-False,full,99999,15,100,relative,False,0.5734
56,full-99999-15-100-relative-False,full,99999,15,100,relative,False,0.6928
57,full-99999-15-100-relative-False,full,99999,15,100,relative,False,0.6928
58,full-99999-15-100-relative-False,full,99999,15,100,relative,False,0.5734
59,full-99999-15-100-relative-False,full,99999,15,100,relative,False,0.5734
60,full-99999-15-100-absolute-True,full,99999,15,100,absolute,True,0.141
61,full-99999-15-100-absolute-True,full,99999,15,100,absolute,True,0.141
62,full-99999-15-100-absolute-True,full,99999,15,100,absolute,True,0.141
63,full-99999-15-100-absolute-True,full,99999,15,100,absolute,True,0.141
64,full-99999-15-100-absolute-True,full,99999,15,100,absolute,True,0.141
65,full-99999-15-100-absolute-True,full,99999,15,100,absolute,True,0.141
66,full-99999-15-100-absolute-True,full,99999,15,100,absolute,True,0.2733
67,full-99999-15-100-absolute-True,full,99999,15,100,absolute,True,0.141
68,full-99999-15-100-absolute-True,full,99999,15,100,absolute,True,0.141
69,full-99999-15-100-absolute-True,full,99999,15,100,absolute,True,0.141
70,full-99999-15-100-absolute-False,full,99999,15,100,absolute,False,0.2733
71,full-99999-15-100-absolute-False,full,99999,15,100,absolute,False,0.2733
72,full-99999-15-100-absolute-False,full,99999,15,100,absolute,False,0.2733
73,full-99999-15-100-absolute-False,full,99999,15,100,absolute,False,0.2733
74,full-99999-15-100-absolute-False,full,99999,15,100,absolute,False,0.2733
75,full-99999-15-100-absolute-False,full,99999,15,100,absolute,False,0.2733
76,full-99999-15-100-absolute-False,full,99999,15,100,absolute,False,0.2733
77,full-99999-15-100-absolute-False,full,99999,15,100,absolute,False,0.2733
78,full-99999-15-100-absolute-False,full,99999,15,100,absolute,False,0.2733
79,full-99999-15-100-absolute-False,full,99999,15,100,absolute,False,0.2733
80,full-99999-15-1000-relative-True,full,99999,15,1000,relative,True,0.6521
81,full-99999-15-1000-relative-True,full,99999,15,1000,relative,True,0.6521
82,full-99999-15-1000-relative-True,full,99999,15,1000,relative,True,0.6752
83,full-99999-15-1000-relative-True,full,99999,15,1000,relative,True,0.6521
84,full-99999-15-1000-relative-True,full,99999,15,1000,relative,True,0.6521
85,full-99999-15-1000-relative-True,full,99999,15,1000,relative,True,0.6521
86,full-99999-15-1000-relative-True,full,99999,15,1000,relative,True,0.6326
87,full-99999-15-1000-relative-True,full,99999,15,1000,relative,True,0.6521
88,full-99999-15-1000-relative-True,full,99999,15,1000,relative,True,0.6521
89,full-99999-15-1000-relative-True,full,99999,15,1000,relative,True,0.6521
90,full-99999-15-1000-relative-False,full,99999,15,1000,relative,False,0.5734
91,full-99999-15-1000-relative-False,full,99999,15,1000,relative,False,0.5734
92,full-99999-15-1000-relative-False,full,99999,15,1000,relative,False,0.5734
93,full-99999-15-1000-relative-False,full,99999,15,1000,relative,False,0.5734
94,full-99999-15-1000-relative-False,full,99999,15,1000,relative,False,0.5734
95,full-99999-15-1000-relative-False,full,99999,15,1000,relative,False,0.5734
96,full-99999-15-1000-relative-False,full,99999,15,1000,relative,False,0.5734
97,full-99999-15-1000-relative-False,full,99999,15,1000,relative,False,0.5734
98,full-99999-15-1000-relative-False,full,99999,15,1000,relative,False,0.5734
99,full-99999-15-1000-relative-False,full,99999,15,1000,relative,False,0.5734
100,full-99999-15-1000-absolute-True,full,99999,15,1000,absolute,True,0.2733
101,full-99999-15-1000-absolute-True,full,99999,15,1000,absolute,True,0.2733
102,full-99999-15-1000-absolute-True,full,99999,15,1000,absolute,True,0.2733
103,full-99999-15-1000-absolute-True,full,99999,15,1000,absolute,True,0.2733
104,full-99999-15-1000-absolute-True,full,99999,15,1000,absolute,True,0.2733
105,full-99999-15-1000-absolute-True,full,99999,15,1000,absolute,True,0.2733
106,full-99999-15-1000-absolute-True,full,99999,15,1000,absolute,True,0.2733
107,full-99999-15-1000-absolute-True,full,99999,15,1000,absolute,True,0.2733
108,full-99999-15-1000-absolute-True,full,99999,15,1000,absolute,True,0.2733
109,full-99999-15-1000-absolute-True,full,99999,15,1000,absolute,True,0.2733
110,full-99999-15-1000-absolute-False,full,99999,15,1000,absolute,False,0.2733
111,full-99999-15-1000-absolute-False,full,99999,15,1000,absolute,False,0.2733
112,full-99999-15-1000-absolute-False,full,99999,15,1000,absolute,False,0.2733
113,full-99999-15-1000-absolute-False,full,99999,15,1000,absolute,False,0.2733
114,full-99999-15-1000-absolute-False,full,99999,15,1000,absolute,False,0.2733
115,full-99999-15-1000-absolute-False,full,99999,15,1000,absolute,False,0.2733
116,full-99999-15-1000-absolute-False,full,99999,15,1000,absolute,False,0.2733
117,full-99999-15-1000-absolute-False,full,99999,15,1000,absolute,False,0.2733
118,full-99999-15-1000-absolute-False,full,99999,15,1000,absolute,False,0.2733
119,full-99999-15-1000-absolute-False,full,99999,15,1000,absolute,False,0.2733
120,full-99999-15-2000-relative-True,full,99999,15,2000,relative,True,0.6024
121,full-99999-15-2000-relative-True,full,99999,15,2000,relative,True,0.6521
122,full-99999-15-2000-relative-True,full,99999,15,2000,relative,True,0.4612
123,full-99999-15-2000-relative-True,full,99999,15,2000,relative,True,0.4612
124,full-99999-15-2000-relative-True,full,99999,15,2000,relative,True,0.6521
125,full-99999-15-2000-relative-True,full,99999,15,2000,relative,True,0.6752
126,full-99999-15-2000-relative-True,full,99999,15,2000,relative,True,0.3781
127,full-99999-15-2000-relative-True,full,99999,15,2000,relative,True,0.4612
128,full-99999-15-2000-relative-True,full,99999,15,2000,relative,True,0.4612
129,full-99999-15-2000-relative-True,full,99999,15,2000,relative,True,0.4612
130,full-99999-15-2000-relative-False,full,99999,15,2000,relative,False,0.5734
131,full-99999-15-2000-relative-False,full,99999,15,2000,relative,False,0.5734
132,full-99999-15-2000-relative-False,full,99999,15,2000,relative,False,0.5734
133,full-99999-15-2000-relative-False,full,99999,15,2000,relative,False,0.5734
134,full-99999-15-2000-relative-False,full,99999,15,2000,relative,False,0.5734
135,full-99999-15-2000-relative-False,full,99999,15,2000,relative,False,0.5734
136,full-99999-15-2000-relative-False,full,99999,15,2000,relative,False,0.5734
137,full-99999-15-2000-relative-False,full,99999,15,2000,relative,False,0.5734
138,full-99999-15-2000-relative-False,full,99999,15,2000,relative,False,0.5734
139,full-99999-15-2000-relative-False,full,99999,15,2000,relative,False,0.5734
140,full-99999-15-2000-absolute-True,full,99999,15,2000,absolute,True,0.314
141,full-99999-15-2000-absolute-True,full,99999,15,2000,absolute,True,0.2733
142,full-99999-15-2000-absolute-True,full,99999,15,2000,absolute,True,0.2733
143,full-99999-15-2000-absolute-True,full,99999,15,2000,absolute,True,0.2733
144,full-99999-15-2000-absolute-True,full,99999,15,2000,absolute,True,0.314
145,full-99999-15-2000-absolute-True,full,99999,15,2000,absolute,True,0.314
146,full-99999-15-2000-absolute-True,full,99999,15,2000,absolute,True,0.2733
147,full-99999-15-2000-absolute-True,full,99999,15,2000,absolute,True,0.2733
148,full-99999-15-2000-absolute-True,full,99999,15,2000,absolute,True,0.2733
149,full-99999-15-2000-absolute-True,full,99999,15,2000,absolute,True,0.2733
150,full-99999-15-2000-absolute-False,full,99999,15,2000,absolute,False,0.2733
151,full-99999-15-2000-absolute-False,full,99999,15,2000,absolute,False,0.2733
152,full-99999-15-2000-absolute-False,full,99999,15,2000,absolute,False,0.2733
153,full-99999-15-2000-absolute-False,full,99999,15,2000,absolute,False,0.2733
154,full-99999-15-2000-absolute-False,full,99999,15,2000,absolute,False,0.2733
155,full-99999-15-2000-absolute-False,full,99999,15,2000,absolute,False,0.2733
156,full-99999-15-2000-absolute-False,full,99999,15,2000,absolute,False,0.2733
157,full-99999-15-2000-absolute-False,full,99999,15,2000,absolute,False,0.2733
158,full-99999-15-2000-absolute-False,full,99999,15,2000,absolute,False,0.2733
159,full-99999-15-2000-absolute-False,full,99999,15,2000,absolute,False,0.2733
160,segs-5000-381-10-relative-True,segs,5000,381,10,relative,True,0.3558
161,segs-5000-381-10-relative-True,segs,5000,381,10,relative,True,0.4242
162,segs-5000-381-10-relative-True,segs,5000,381,10,relative,True,0.3597
163,segs-5000-381-10-relative-True,segs,5000,381,10,relative,True,0.3593
164,segs-5000-381-10-relative-True,segs,5000,381,10,relative,True,0.3613
165,segs-5000-381-10-relative-True,segs,5000,381,10,relative,True,0.3899
166,segs-5000-381-10-relative-True,segs,5000,381,10,relative,True,0.4059
167,segs-5000-381-10-relative-True,segs,5000,381,10,relative,True,0.3498
168,segs-5000-381-10-relative-True,segs,5000,381,10,relative,True,0.3214
169,segs-5000-381-10-relative-True,segs,5000,381,10,relative,True,0.4001
170,segs-5000-381-10-relative-False,segs,5000,381,10,relative,False,0.3631
171,segs-5000-381-10-relative-False,segs,5000,381,10,relative,False,0.3635
172,segs-5000-381-10-relative-False,segs,5000,381,10,relative,False,0.3598
173,segs-5000-381-10-relative-False,segs,5000,381,10,relative,False,0.3635
174,segs-5000-381-10-relative-False,segs,5000,381,10,relative,False,0.3561
175,segs-5000-381-10-relative-False,segs,5000,381,10,relative,False,0.3569
176,segs-5000-381-10-relative-False,segs,5000,381,10,relative,False,0.3635
177,segs-5000-381-10-relative-False,segs,5000,381,10,relative,False,0.3615
178,segs-5000-381-10-relative-False,segs,5000,381,10,relative,False,0.3612
179,segs-5000-381-10-relative-False,segs,5000,381,10,relative,False,0.3561
180,segs-5000-381-10-absolute-True,segs,5000,381,10,absolute,True,0.3799
181,segs-5000-381-10-absolute-True,segs,5000,381,10,absolute,True,0.3896
182,segs-5000-381-10-absolute-True,segs,5000,381,10,absolute,True,0.3794
183,segs-5000-381-10-absolute-True,segs,5000,381,10,absolute,True,0.4007
184,segs-5000-381-10-absolute-True,segs,5000,381,10,absolute,True,0.4092
185,segs-5000-381-10-absolute-True,segs,5000,381,10,absolute,True,0.3974
186,segs-5000-381-10-absolute-True,segs,5000,381,10,absolute,True,0.3963
187,segs-5000-381-10-absolute-True,segs,5000,381,10,absolute,True,0.4155
188,segs-5000-381-10-absolute-True,segs,5000,381,10,absolute,True,0.4126
189,segs-5000-381-10-absolute-True,segs,5000,381,10,absolute,True,0.3982
190,segs-5000-381-10-absolute-False,segs,5000,381,10,absolute,False,0.3635
191,segs-5000-381-10-absolute-False,segs,5000,381,10,absolute,False,0.3494
192,segs-5000-381-10-absolute-False,segs,5000,381,10,absolute,False,0.3612
193,segs-5000-381-10-absolute-False,segs,5000,381,10,absolute,False,0.3576
194,segs-5000-381-10-absolute-False,segs,5000,381,10,absolute,False,0.3615
195,segs-5000-381-10-absolute-False,segs,5000,381,10,absolute,False,0.3386
196,segs-5000-381-10-absolute-False,segs,5000,381,10,absolute,False,0.3635
197,segs-5000-381-10-absolute-False,segs,5000,381,10,absolute,False,0.3631
198,segs-5000-381-10-absolute-False,segs,5000,381,10,absolute,False,0.3631
199,segs-5000-381-10-absolute-False,segs,5000,381,10,absolute,False,0.3561
200,segs-5000-381-100-relative-True,segs,5000,381,100,relative,True,0.718
201,segs-5000-381-100-relative-True,segs,5000,381,100,relative,True,0.7109
202,segs-5000-381-100-relative-True,segs,5000,381,100,relative,True,0.7049
203,segs-5000-381-100-relative-True,segs,5000,381,100,relative,True,0.7035
204,segs-5000-381-100-relative-True,segs,5000,381,100,relative,True,0.7137
205,segs-5000-381-100-relative-True,segs,5000,381,100,relative,True,0.7035
206,segs-5000-381-100-relative-True,segs,5000,381,100,relative,True,0.7049
207,segs-5000-381-100-relative-True,segs,5000,381,100,relative,True,0.7093
208,segs-5000-381-100-relative-True,segs,5000,381,100,relative,True,0.7049
209,segs-5000-381-100-relative-True,segs,5000,381,100,relative,True,0.7197
210,segs-5000-381-100-relative-False,segs,5000,381,100,relative,False,0.5214
211,segs-5000-381-100-relative-False,segs,5000,381,100,relative,False,0.5621
212,segs-5000-381-100-relative-False,segs,5000,381,100,relative,False,0.5534
213,segs-5000-381-100-relative-False,segs,5000,381,100,relative,False,0.5479
214,segs-5000-381-100-relative-False,segs,5000,381,100,relative,False,0.5516
215,segs-5000-381-100-relative-False,segs,5000,381,100,relative,False,0.5678
216,segs-5000-381-100-relative-False,segs,5000,381,100,relative,False,0.5539
217,segs-5000-381-100-relative-False,segs,5000,381,100,relative,False,0.5486
218,segs-5000-381-100-relative-False,segs,5000,381,100,relative,False,0.5661
219,segs-5000-381-100-relative-False,segs,5000,381,100,relative,False,0.5687
220,segs-5000-381-100-absolute-True,segs,5000,381,100,absolute,True,0.7197
221,segs-5000-381-100-absolute-True,segs,5000,381,100,absolute,True,0.7049
222,segs-5000-381-100-absolute-True,segs,5000,381,100,absolute,True,0.7258
223,segs-5000-381-100-absolute-True,segs,5000,381,100,absolute,True,0.718
224,segs-5000-381-100-absolute-True,segs,5000,381,100,absolute,True,0.7258
225,segs-5000-381-100-absolute-True,segs,5000,381,100,absolute,True,0.7027
226,segs-5000-381-100-absolute-True,segs,5000,381,100,absolute,True,0.7049
227,segs-5000-381-100-absolute-True,segs,5000,381,100,absolute,True,0.6982
228,segs-5000-381-100-absolute-True,segs,5000,381,100,absolute,True,0.7201
229,segs-5000-381-100-absolute-True,segs,5000,381,100,absolute,True,0.7243
230,segs-5000-381-100-absolute-False,segs,5000,381,100,absolute,False,0.5616
231,segs-5000-381-100-absolute-False,segs,5000,381,100,absolute,False,0.5693
232,segs-5000-381-100-absolute-False,segs,5000,381,100,absolute,False,0.5685
233,segs-5000-381-100-absolute-False,segs,5000,381,100,absolute,False,0.5425
234,segs-5000-381-100-absolute-False,segs,5000,381,100,absolute,False,0.5744
235,segs-5000-381-100-absolute-False,segs,5000,381,100,absolute,False,0.5583
236,segs-5000-381-100-absolute-False,segs,5000,381,100,absolute,False,0.5639
237,segs-5000-381-100-absolute-False,segs,5000,381,100,absolute,False,0.5514
238,segs-5000-381-100-absolute-False,segs,5000,381,100,absolute,False,0.526
239,segs-5000-381-100-absolute-False,segs,5000,381,100,absolute,False,0.5743
240,segs-5000-381-1000-relative-True,segs,5000,381,1000,relative,True,0.8117
241,segs-5000-381-1000-relative-True,segs,5000,381,1000,relative,True,0.7489
242,segs-5000-381-1000-relative-True,segs,5000,381,1000,relative,True,0.8117
243,segs-5000-381-1000-relative-True,segs,5000,381,1000,relative,True,0.8158
244,segs-5000-381-1000-relative-True,segs,5000,381,1000,relative,True,0.836
245,segs-5000-381-1000-relative-True,segs,5000,381,1000,relative,True,0.8078
246,segs-5000-381-1000-relative-True,segs,5000,381,1000,relative,True,0.8078
247,segs-5000-381-1000-relative-True,segs,5000,381,1000,relative,True,0.8142
248,segs-5000-381-1000-relative-True,segs,5000,381,1000,relative,True,0.7982
249,segs-5000-381-1000-relative-True,segs,5000,381,1000,relative,True,0.781
250,segs-5000-381-1000-relative-False,segs,5000,381,1000,relative,False,0.5662
251,segs-5000-381-1000-relative-False,segs,5000,381,1000,relative,False,0.585
252,segs-5000-381-1000-relative-False,segs,5000,381,1000,relative,False,0.5929
253,segs-5000-381-1000-relative-False,segs,5000,381,1000,relative,False,0.6068
254,segs-5000-381-1000-relative-False,segs,5000,381,1000,relative,False,0.5683
255,segs-5000-381-1000-relative-False,segs,5000,381,1000,relative,False,0.5823
256,segs-5000-381-1000-relative-False,segs,5000,381,1000,relative,False,0.5679
257,segs-5000-381-1000-relative-False,segs,5000,381,1000,relative,False,0.5703
258,segs-5000-381-1000-relative-False,segs,5000,381,1000,relative,False,0.5896
259,segs-5000-381-1000-relative-False,segs,5000,381,1000,relative,False,0.588
260,segs-5000-381-1000-absolute-True,segs,5000,381,1000,absolute,True,0.8203
261,segs-5000-381-1000-absolute-True,segs,5000,381,1000,absolute,True,0.818
262,segs-5000-381-1000-absolute-True,segs,5000,381,1000,absolute,True,0.8225
263,segs-5000-381-1000-absolute-True,segs,5000,381,1000,absolute,True,0.8379
264,segs-5000-381-1000-absolute-True,segs,5000,381,1000,absolute,True,0.827
265,segs-5000-381-1000-absolute-True,segs,5000,381,1000,absolute,True,0.849
266,segs-5000-381-1000-absolute-True,segs,5000,381,1000,absolute,True,0.8022
267,segs-5000-381-1000-absolute-True,segs,5000,381,1000,absolute,True,0.8358
268,segs-5000-381-1000-absolute-True,segs,5000,381,1000,absolute,True,0.808
269,segs-5000-381-1000-absolute-True,segs,5000,381,1000,absolute,True,0.8177
270,segs-5000-381-1000-absolute-False,segs,5000,381,1000,absolute,False,0.5692
271,segs-5000-381-1000-absolute-False,segs,5000,381,1000,absolute,False,0.5341
272,segs-5000-381-1000-absolute-False,segs,5000,381,1000,absolute,False,0.5979
273,segs-5000-381-1000-absolute-False,segs,5000,381,1000,absolute,False,0.602
274,segs-5000-381-1000-absolute-False,segs,5000,381,1000,absolute,False,0.5971
275,segs-5000-381-1000-absolute-False,segs,5000,381,1000,absolute,False,0.5979
276,segs-5000-381-1000-absolute-False,segs,5000,381,1000,absolute,False,0.58
277,segs-5000-381-1000-absolute-False,segs,5000,381,1000,absolute,False,0.5847
278,segs-5000-381-1000-absolute-False,segs,5000,381,1000,absolute,False,0.6002
279,segs-5000-381-1000-absolute-False,segs,5000,381,1000,absolute,False,0.5948
280,segs-5000-381-2000-relative-True,segs,5000,381,2000,relative,True,0.827
281,segs-5000-381-2000-relative-True,segs,5000,381,2000,relative,True,0.7921
282,segs-5000-381-2000-relative-True,segs,5000,381,2000,relative,True,0.867
283,segs-5000-381-2000-relative-True,segs,5000,381,2000,relative,True,0.8379
284,segs-5000-381-2000-relative-True,segs,5000,381,2000,relative,True,0.7864
285,segs-5000-381-2000-relative-True,segs,5000,381,2000,relative,True,0.8698
286,segs-5000-381-2000-relative-True,segs,5000,381,2000,relative,True,0.8234
287,segs-5000-381-2000-relative-True,segs,5000,381,2000,relative,True,0.8291
288,segs-5000-381-2000-relative-True,segs,5000,381,2000,relative,True,0.8698
289,segs-5000-381-2000-relative-True,segs,5000,381,2000,relative,True,0.8329
290,segs-5000-381-2000-relative-False,segs,5000,381,2000,relative,False,0.5824
291,segs-5000-381-2000-relative-False,segs,5000,381,2000,relative,False,0.5982
292,segs-5000-381-2000-relative-False,segs,5000,381,2000,relative,False,0.5678
293,segs-5000-381-2000-relative-False,segs,5000,381,2000,relative,False,0.5898
294,segs-5000-381-2000-relative-False,segs,5000,381,2000,relative,False,0.5821
295,segs-5000-381-2000-relative-False,segs,5000,381,2000,relative,False,0.6068
296,segs-5000-381-2000-relative-False,segs,5000,381,2000,relative,False,0.5914
297,segs-5000-381-2000-relative-False,segs,5000,381,2000,relative,False,0.5979
298,segs-5000-381-2000-relative-False,segs,5000,381,2000,relative,False,0.5953
299,segs-5000-381-2000-relative-False,segs,5000,381,2000,relative,False,0.588
300,segs-5000-381-2000-absolute-True,segs,5000,381,2000,absolute,True,0.8164
301,segs-5000-381-2000-absolute-True,segs,5000,381,2000,absolute,True,0.7659
302,segs-5000-381-2000-absolute-True,segs,5000,381,2000,absolute,True,0.8016
303,segs-5000-381-2000-absolute-True,segs,5000,381,2000,absolute,True,0.8071
304,segs-5000-381-2000-absolute-True,segs,5000,381,2000,absolute,True,0.8172
305,segs-5000-381-2000-absolute-True,segs,5000,381,2000,absolute,True,0.7222
306,segs-5000-381-2000-absolute-True,segs,5000,381,2000,absolute,True,0.8767
307,segs-5000-381-2000-absolute-True,segs,5000,381,2000,absolute,True,0.818
308,segs-5000-381-2000-absolute-True,segs,5000,381,2000,absolute,True,0.7954
309,segs-5000-381-2000-absolute-True,segs,5000,381,2000,absolute,True,0.807
310,segs-5000-381-2000-absolute-False,segs,5000,381,2000,absolute,False,0.6058
311,segs-5000-381-2000-absolute-False,segs,5000,381,2000,absolute,False,0.5954
312,segs-5000-381-2000-absolute-False,segs,5000,381,2000,absolute,False,0.5972
313,segs-5000-381-2000-absolute-False,segs,5000,381,2000,absolute,False,0.5979
314,segs-5000-381-2000-absolute-False,segs,5000,381,2000,absolute,False,0.5872
315,segs-5000-381-2000-absolute-False,segs,5000,381,2000,absolute,False,0.6191
316,segs-5000-381-2000-absolute-False,segs,5000,381,2000,absolute,False,0.6227
317,segs-5000-381-2000-absolute-False,segs,5000,381,2000,absolute,False,0.59
318,segs-5000-381-2000-absolute-False,segs,5000,381,2000,absolute,False,0.5894
319,segs-5000-381-2000-absolute-False,segs,5000,381,2000,absolute,False,0.5663
320,segs-2000-963-10-relative-True,segs,2000,963,10,relative,True,0.2456
321,segs-2000-963-10-relative-True,segs,2000,963,10,relative,True,0.2516
322,segs-2000-963-10-relative-True,segs,2000,963,10,relative,True,0.2424
323,segs-2000-963-10-relative-True,segs,2000,963,10,relative,True,0.2437
324,segs-2000-963-10-relative-True,segs,2000,963,10,relative,True,0.236
325,segs-2000-963-10-relative-True,segs,2000,963,10,relative,True,0.2415
326,segs-2000-963-10-relative-True,segs,2000,963,10,relative,True,0.2481
327,segs-2000-963-10-relative-True,segs,2000,963,10,relative,True,0.2477
328,segs-2000-963-10-relative-True,segs,2000,963,10,relative,True,0.2377
329,segs-2000-963-10-relative-True,segs,2000,963,10,relative,True,0.2525
330,segs-2000-963-10-relative-False,segs,2000,963,10,relative,False,0.1672
331,segs-2000-963-10-relative-False,segs,2000,963,10,relative,False,0.1878
332,segs-2000-963-10-relative-False,segs,2000,963,10,relative,False,0.2286
333,segs-2000-963-10-relative-False,segs,2000,963,10,relative,False,0.2287
334,segs-2000-963-10-relative-False,segs,2000,963,10,relative,False,0.2241
335,segs-2000-963-10-relative-False,segs,2000,963,10,relative,False,0.2245
336,segs-2000-963-10-relative-False,segs,2000,963,10,relative,False,0.2333
337,segs-2000-963-10-relative-False,segs,2000,963,10,relative,False,0.2331
338,segs-2000-963-10-relative-False,segs,2000,963,10,relative,False,0.2239
339,segs-2000-963-10-relative-False,segs,2000,963,10,relative,False,0.1759
340,segs-2000-963-10-absolute-True,segs,2000,963,10,absolute,True,0.2379
341,segs-2000-963-10-absolute-True,segs,2000,963,10,absolute,True,0.2505
342,segs-2000-963-10-absolute-True,segs,2000,963,10,absolute,True,0.255
343,segs-2000-963-10-absolute-True,segs,2000,963,10,absolute,True,0.2533
344,segs-2000-963-10-absolute-True,segs,2000,963,10,absolute,True,0.2552
345,segs-2000-963-10-absolute-True,segs,2000,963,10,absolute,True,0.2525
346,segs-2000-963-10-absolute-True,segs,2000,963,10,absolute,True,0.2488
347,segs-2000-963-10-absolute-True,segs,2000,963,10,absolute,True,0.2585
348,segs-2000-963-10-absolute-True,segs,2000,963,10,absolute,True,0.2398
349,segs-2000-963-10-absolute-True,segs,2000,963,10,absolute,True,0.2455
350,segs-2000-963-10-absolute-False,segs,2000,963,10,absolute,False,0.2309
351,segs-2000-963-10-absolute-False,segs,2000,963,10,absolute,False,0.182
352,segs-2000-963-10-absolute-False,segs,2000,963,10,absolute,False,0.2277
353,segs-2000-963-10-absolute-False,segs,2000,963,10,absolute,False,0.1823
354,segs-2000-963-10-absolute-False,segs,2000,963,10,absolute,False,0.2242
355,segs-2000-963-10-absolute-False,segs,2000,963,10,absolute,False,0.2306
356,segs-2000-963-10-absolute-False,segs,2000,963,10,absolute,False,0.1823
357,segs-2000-963-10-absolute-False,segs,2000,963,10,absolute,False,0.2352
358,segs-2000-963-10-absolute-False,segs,2000,963,10,absolute,False,0.2302
359,segs-2000-963-10-absolute-False,segs,2000,963,10,absolute,False,0.1848
360,segs-2000-963-100-relative-True,segs,2000,963,100,relative,True,0.6007
361,segs-2000-963-100-relative-True,segs,2000,963,100,relative,True,0.5955
362,segs-2000-963-100-relative-True,segs,2000,963,100,relative,True,0.5998
363,segs-2000-963-100-relative-True,segs,2000,963,100,relative,True,0.5978
364,segs-2000-963-100-relative-True,segs,2000,963,100,relative,True,0.5482
365,segs-2000-963-100-relative-True,segs,2000,963,100,relative,True,0.5953
366,segs-2000-963-100-relative-True,segs,2000,963,100,relative,True,0.5863
367,segs-2000-963-100-relative-True,segs,2000,963,100,relative,True,0.5739
368,segs-2000-963-100-relative-True,segs,2000,963,100,relative,True,0.5992
369,segs-2000-963-100-relative-True,segs,2000,963,100,relative,True,0.5883
370,segs-2000-963-100-relative-False,segs,2000,963,100,relative,False,0.4179
371,segs-2000-963-100-relative-False,segs,2000,963,100,relative,False,0.4116
372,segs-2000-963-100-relative-False,segs,2000,963,100,relative,False,0.4129
373,segs-2000-963-100-relative-False,segs,2000,963,100,relative,False,0.422
374,segs-2000-963-100-relative-False,segs,2000,963,100,relative,False,0.4048
375,segs-2000-963-100-relative-False,segs,2000,963,100,relative,False,0.3809
376,segs-2000-963-100-relative-False,segs,2000,963,100,relative,False,0.4205
377,segs-2000-963-100-relative-False,segs,2000,963,100,relative,False,0.4226
378,segs-2000-963-100-relative-False,segs,2000,963,100,relative,False,0.417
379,segs-2000-963-100-relative-False,segs,2000,963,100,relative,False,0.4148
380,segs-2000-963-100-absolute-True,segs,2000,963,100,absolute,True,0.5855
381,segs-2000-963-100-absolute-True,segs,2000,963,100,absolute,True,0.588
382,segs-2000-963-100-absolute-True,segs,2000,963,100,absolute,True,0.5893
383,segs-2000-963-100-absolute-True,segs,2000,963,100,absolute,True,0.6037
384,segs-2000-963-100-absolute-True,segs,2000,963,100,absolute,True,0.5905
385,segs-2000-963-100-absolute-True,segs,2000,963,100,absolute,True,0.5915
386,segs-2000-963-100-absolute-True,segs,2000,963,100,absolute,True,0.598
387,segs-2000-963-100-absolute-True,segs,2000,963,100,absolute,True,0.5964
388,segs-2000-963-100-absolute-True,segs,2000,963,100,absolute,True,0.5803
389,segs-2000-963-100-absolute-True,segs,2000,963,100,absolute,True,0.5714
390,segs-2000-963-100-absolute-False,segs,2000,963,100,absolute,False,0.4106
391,segs-2000-963-100-absolute-False,segs,2000,963,100,absolute,False,0.4244
392,segs-2000-963-100-absolute-False,segs,2000,963,100,absolute,False,0.4153
393,segs-2000-963-100-absolute-False,segs,2000,963,100,absolute,False,0.4115
394,segs-2000-963-100-absolute-False,segs,2000,963,100,absolute,False,0.4149
395,segs-2000-963-100-absolute-False,segs,2000,963,100,absolute,False,0.4208
396,segs-2000-963-100-absolute-False,segs,2000,963,100,absolute,False,0.419
397,segs-2000-963-100-absolute-False,segs,2000,963,100,absolute,False,0.4111
398,segs-2000-963-100-absolute-False,segs,2000,963,100,absolute,False,0.424
399,segs-2000-963-100-absolute-False,segs,2000,963,100,absolute,False,0.4129
400,segs-2000-963-1000-relative-True,segs,2000,963,1000,relative,True,0.6904
401,segs-2000-963-1000-relative-True,segs,2000,963,1000,relative,True,0.8035
402,segs-2000-963-1000-relative-True,segs,2000,963,1000,relative,True,0.8495
403,segs-2000-963-1000-relative-True,segs,2000,963,1000,relative,True,0.7192
404,segs-2000-963-1000-relative-True,segs,2000,963,1000,relative,True,0.7008
405,segs-2000-963-1000-relative-True,segs,2000,963,1000,relative,True,0.7957
406,segs-2000-963-1000-relative-True,segs,2000,963,1000,relative,True,0.7905
407,segs-2000-963-1000-relative-True,segs,2000,963,1000,relative,True,0.7877
408,segs-2000-963-1000-relative-True,segs,2000,963,1000,relative,True,0.7883
409,segs-2000-963-1000-relative-True,segs,2000,963,1000,relative,True,0.7417
410,segs-2000-963-1000-relative-False,segs,2000,963,1000,relative,False,0.4487
411,segs-2000-963-1000-relative-False,segs,2000,963,1000,relative,False,0.4488
412,segs-2000-963-1000-relative-False,segs,2000,963,1000,relative,False,0.4503
413,segs-2000-963-1000-relative-False,segs,2000,963,1000,relative,False,0.4454
414,segs-2000-963-1000-relative-False,segs,2000,963,1000,relative,False,0.4441
415,segs-2000-963-1000-relative-False,segs,2000,963,1000,relative,False,0.4437
416,segs-2000-963-1000-relative-False,segs,2000,963,1000,relative,False,0.4449
417,segs-2000-963-1000-relative-False,segs,2000,963,1000,relative,False,0.4519
418,segs-2000-963-1000-relative-False,segs,2000,963,1000,relative,False,0.4529
419,segs-2000-963-1000-relative-False,segs,2000,963,1000,relative,False,0.4462
420,segs-2000-963-1000-absolute-True,segs,2000,963,1000,absolute,True,0.8065
421,segs-2000-963-1000-absolute-True,segs,2000,963,1000,absolute,True,0.7696
422,segs-2000-963-1000-absolute-True,segs,2000,963,1000,absolute,True,0.8181
423,segs-2000-963-1000-absolute-True,segs,2000,963,1000,absolute,True,0.7925
424,segs-2000-963-1000-absolute-True,segs,2000,963,1000,absolute,True,0.7841
425,segs-2000-963-1000-absolute-True,segs,2000,963,1000,absolute,True,0.787
426,segs-2000-963-1000-absolute-True,segs,2000,963,1000,absolute,True,0.7796
427,segs-2000-963-1000-absolute-True,segs,2000,963,1000,absolute,True,0.7891
428,segs-2000-963-1000-absolute-True,segs,2000,963,1000,absolute,True,0.7911
429,segs-2000-963-1000-absolute-True,segs,2000,963,1000,absolute,True,0.7958
430,segs-2000-963-1000-absolute-False,segs,2000,963,1000,absolute,False,0.4477
431,segs-2000-963-1000-absolute-False,segs,2000,963,1000,absolute,False,0.4519
432,segs-2000-963-1000-absolute-False,segs,2000,963,1000,absolute,False,0.4438
433,segs-2000-963-1000-absolute-False,segs,2000,963,1000,absolute,False,0.4284
434,segs-2000-963-1000-absolute-False,segs,2000,963,1000,absolute,False,0.4413
435,segs-2000-963-1000-absolute-False,segs,2000,963,1000,absolute,False,0.451
436,segs-2000-963-1000-absolute-False,segs,2000,963,1000,absolute,False,0.4434
437,segs-2000-963-1000-absolute-False,segs,2000,963,1000,absolute,False,0.4441
438,segs-2000-963-1000-absolute-False,segs,2000,963,1000,absolute,False,0.445
439,segs-2000-963-1000-absolute-False,segs,2000,963,1000,absolute,False,0.4395
440,segs-2000-963-2000-relative-True,segs,2000,963,2000,relative,True,0.8044
441,segs-2000-963-2000-relative-True,segs,2000,963,2000,relative,True,0.7473
442,segs-2000-963-2000-relative-True,segs,2000,963,2000,relative,True,0.7909
443,segs-2000-963-2000-relative-True,segs,2000,963,2000,relative,True,0.805
444,segs-2000-963-2000-relative-True,segs,2000,963,2000,relative,True,0.8759
445,segs-2000-963-2000-relative-True,segs,2000,963,2000,relative,True,0.808
446,segs-2000-963-2000-relative-True,segs,2000,963,2000,relative,True,0.8089
447,segs-2000-963-2000-relative-True,segs,2000,963,2000,relative,True,0.7328
448,segs-2000-963-2000-relative-True,segs,2000,963,2000,relative,True,0.7996
449,segs-2000-963-2000-relative-True,segs,2000,963,2000,relative,True,0.8143
450,segs-2000-963-2000-relative-False,segs,2000,963,2000,relative,False,0.4428
451,segs-2000-963-2000-relative-False,segs,2000,963,2000,relative,False,0.4481
452,segs-2000-963-2000-relative-False,segs,2000,963,2000,relative,False,0.4449
453,segs-2000-963-2000-relative-False,segs,2000,963,2000,relative,False,0.4475
454,segs-2000-963-2000-relative-False,segs,2000,963,2000,relative,False,0.4491
455,segs-2000-963-2000-relative-False,segs,2000,963,2000,relative,False,0.4485
456,segs-2000-963-2000-relative-False,segs,2000,963,2000,relative,False,0.4479
457,segs-2000-963-2000-relative-False,segs,2000,963,2000,relative,False,0.4484
458,segs-2000-963-2000-relative-False,segs,2000,963,2000,relative,False,0.4477
459,segs-2000-963-2000-relative-False,segs,2000,963,2000,relative,False,0.45
460,segs-2000-963-2000-absolute-True,segs,2000,963,2000,absolute,True,0.7904
461,segs-2000-963-2000-absolute-True,segs,2000,963,2000,absolute,True,0.7827
462,segs-2000-963-2000-absolute-True,segs,2000,963,2000,absolute,True,0.8566
463,segs-2000-963-2000-absolute-True,segs,2000,963,2000,absolute,True,0.7819
464,segs-2000-963-2000-absolute-True,segs,2000,963,2000,absolute,True,0.8517
465,segs-2000-963-2000-absolute-True,segs,2000,963,2000,absolute,True,0.8772
466,segs-2000-963-2000-absolute-True,segs,2000,963,2000,absolute,True,0.8044
467,segs-2000-963-2000-absolute-True,segs,2000,963,2000,absolute,True,0.7851
468,segs-2000-963-2000-absolute-True,segs,2000,963,2000,absolute,True,0.7487
469,segs-2000-963-2000-absolute-True,segs,2000,963,2000,absolute,True,0.8018
470,segs-2000-963-2000-absolute-False,segs,2000,963,2000,absolute,False,0.4451
471,segs-2000-963-2000-absolute-False,segs,2000,963,2000,absolute,False,0.45
472,segs-2000-963-2000-absolute-False,segs,2000,963,2000,absolute,False,0.4463
473,segs-2000-963-2000-absolute-False,segs,2000,963,2000,absolute,False,0.4488
474,segs-2000-963-2000-absolute-False,segs,2000,963,2000,absolute,False,0.4519
475,segs-2000-963-2000-absolute-False,segs,2000,963,2000,absolute,False,0.4333
476,segs-2000-963-2000-absolute-False,segs,2000,963,2000,absolute,False,0.4454
477,segs-2000-963-2000-absolute-False,segs,2000,963,2000,absolute,False,0.4481
478,segs-2000-963-2000-absolute-False,segs,2000,963,2000,absolute,False,0.4522
479,segs-2000-963-2000-absolute-False,segs,2000,963,2000,absolute,False,0.4449
